,sample,T,original_score,optimized_score,g2a_score,a2g_score,wrong key,entropy
0,8F3X,0.1,-0.3085640005412579,0.0011483633290035322,0.0021993722432140927,0.002131534238684313,-0.0008886327087749418,0.13231542706489563
1,8F03,0.1,-0.18580578935844022,0.00458096712361275,0.00190528935191063,0.011422601245430042,3.374509636612479e-18,0.14294171333312988
2,8CNS,0.1,-0.21916599309901788,0.006545491860760949,0.01021117668078958,0.006834103001438108,0.0010821873597468418,0.11327853053808212
3,7G9V,0.1,-0.30397521613214196,1.7945499883728275e-05,7.824707079862742e-05,-4.537012715758251e-05,8.626543824194825e-05,0.13250096142292023
4,8C1I,0.1,-0.16716326918501873,0.01170670533865148,0.011741080102247725,0.0036277557744364974,-0.0006801989940445688,0.12869888544082642
5,8HDF,0.1,-0.2172775443668294,0.0026869300629215886,0.0009372775112127669,0.0009705005542566398,-0.000260845701324907,0.1268424540758133
6,8FMC,0.1,-0.20660151167087498,0.0029203952836460434,0.00259165920738097,0.003634928091989287,0.00018859086337583847,0.14531981945037842
7,7SPT,0.1,-0.2438453843447439,0.005357280831388256,0.009871229811119764,0.0061025683171018474,0.0014917148587372947,0.15241682529449463
8,7ZEE,0.1,-0.29662537497454,-9.52113269835379e-07,-0.0005226537761914164,0.0033231230140421397,0.001008471806307254,0.11187609285116196
9,7Z0A,0.1,-0.36059429567232515,2.8044460097270685e-05,1.633755946053167e-05,-0.02688362435153357,0.0032093077610053644,0.21175846457481384
10,7TVB,0.1,-0.1391993667308741,0.011625742009766682,0.0054042170984507365,0.0005170476346863725,0.0005088124596706392,0.1134255900979042
11,8GM1,0.1,-0.26145818214159894,0.0022124692458039136,0.0006740962778286064,0.000981633515572275,0.002257175451079299,0.1114487498998642
12,8CMV,0.1,-0.21334964488036795,0.004794870289762887,0.0035520295967224613,0.0021021377183992884,-0.0008856812324063539,0.11430508643388748
13,7FY9,0.1,-0.31007702091794626,-0.004079550070260798,5.637289783953954e-06,-2.3581682294775953e-08,0.00043873037012506083,0.12662555277347565
14,8TV8,0.1,-0.1947146502007331,0.0064510847926260995,0.0043969061512189045,0.0026547485989573683,0.0019069771828339882,0.12436835467815399
15,7TA5,0.1,-0.24334286056409501,0.004526859541526124,0.007320659201021345,0.000141225798965805,0.0017545550287080547,0.12278975546360016
16,8ABX,0.1,-0.1736668215319118,0.0065676823392105685,0.00805858729587941,0.0058169602025053835,-6.238819789253216e-09,0.12771068513393402
17,7VEV,0.1,-0.27333890941815364,0.0015710921100829667,0.0042585071829628895,0.000321163359111358,2.6201368695504684e-06,0.11731508374214172
18,8OTB,0.1,-0.2633743171916821,0.0024675572637849613,0.003486647859154368,0.0014063783579733452,-8.701127480733976e-05,0.10981655865907669
19,8AHB,0.1,-0.2990526987299357,-0.00018838699433418833,0.0016211436028029243,-6.221859349332883e-09,-0.004047400907271445,0.10682734847068787
20,7XOR,0.1,-0.18229141599494328,0.009617768554616102,0.004781700879416234,0.005294667595222263,-0.000964659084487604,0.13257147371768951
21,8FKM,0.1,-0.1460409207697969,0.0008411538541823194,-0.0001411410924050116,0.0008678156550142728,-0.0032082165235414947,0.1916358768939972
22,7WC9,0.1,-0.07227774779814096,0.001391316054196734,0.001026164916984304,7.486196824489123e-06,-0.00023825356815027413,0.16470524668693542
23,8DWI,0.1,-0.1768861188450607,0.012012429194288854,0.004807526210995422,0.0019652291009786826,-0.0005543493443376686,0.21900510787963867
24,8FEN,0.1,-0.2100284562790405,0.005438350021903321,0.0040948972157269226,0.00037945650280746257,5.729790557702438e-05,0.1405370980501175
25,5SG4,0.1,-0.2213827763544654,0.004170829944955656,0.0037641491811254424,0.0016099826550084184,-1.7371381640853147e-08,0.1548290103673935
26,7RL2,0.1,-0.28491459022556237,0.0004135537897931585,0.00045982165123831936,-0.000262143178332494,0.000658560146865883,0.1255551427602768
27,7W09,0.1,-0.24136032239059732,0.0013825688509045975,3.2456571410034024e-05,0.0018916697164195612,0.0004969602208506826,0.1576717495918274
28,7QS3,0.1,-0.27490324195421195,0.0034353977954104387,-0.00028003241380838984,0.00020961580330155355,-0.003316736468376942,0.12571509182453156
29,7S15,0.1,-0.23867871324194023,0.006736622269956665,0.006478955824496424,0.0031364060949455874,0.00022144161564185277,0.2331792414188385
30,8ETQ,0.1,-0.17767103169186568,0.002220580835722949,0.0011442915294848505,0.0008567202510585264,7.838644434353392e-05,0.11589021235704422
31,7R20,0.1,-0.18546942619692708,0.017359848242125386,0.018758302390878834,0.0024661593819964166,1.1286713271880036e-05,0.16211965680122375
32,8A7Z,0.1,-0.002115723572263726,1.324766309091733e-06,-3.3113728210268535e-07,1.1514938158020682e-06,3.2172855028451265e-06,0.13181458413600922
33,7Z2T,0.1,-0.24776363014618177,0.006827685319112598,0.01286378395149329,0.003078537924997682,0.0010637488485319424,0.10466503351926804
34,8HRN,0.1,-0.20604756082595138,0.006594361804321297,0.007702161325079782,0.001288834744458664,0.00023690349659722526,0.16335703432559967
35,8E3S,0.1,-0.20235266891901396,0.009417566844446418,0.004757172723723946,0.0039798321263253,0.0040613778860645044,0.17153705656528473
36,8AGG,0.1,-0.1722141951534649,0.006569456406676194,0.0049369951477935825,0.0015269229261792305,2.4787218697835955e-05,0.15616552531719208
37,7UNP,0.1,-0.20501134403254503,0.004995710001183679,0.0030643665983629553,0.002074062527781542,-0.000520754860900835,0.11157142370939255
38,7ZOS,0.1,-0.152887402279665,0.007605738176426764,0.02163548072396354,0.004007097615247701,-0.00025731689102258953,0.18364305794239044
39,8ASZ,0.1,-0.35202438652585477,-3.8840282306311195e-05,0.00014916227634817827,-3.4935158835265256e-08,0.004560571239731831,0.10832829773426056
40,7ZK2,0.1,-0.1699328106055991,0.008149587863292285,-0.0041643574534155625,0.007123251231193478,0.001590103766180087,0.13249444961547852
41,7QGI,0.1,-0.21972611062313466,0.005689958231475334,0.00043648253828752065,0.002754887996074651,0.00048715452282328126,0.1441577970981598
42,8OXI,0.1,-0.2563028606544781,0.004335304082744795,0.0003065077040311226,0.011906883581493444,0.002304403009926889,0.12883605062961578
43,7QYW,0.1,-0.22992047670057467,0.0011465884591862208,0.006433593325221865,0.00035657998518465184,-0.032465514630601655,0.13573238253593445
44,7QZS,0.1,-0.23917613923892997,0.007343657745280007,0.0014010390107905696,0.0031585852537335535,-0.004148986314868833,0.16689130663871765
45,7QMS,0.1,-0.295077546359588,2.4927788131566195e-05,0.00023204381652925515,0.0005078044593101044,0.00010470492971212039,0.088320292532444
46,8F3F,0.1,-0.22034705442483898,0.0025141201586968975,0.005975946703993595,0.0007381105340529687,0.0006474213007563595,0.12455082684755325
47,7TX5,0.1,-0.23414972797417283,0.0015538218593200562,0.013844487208843403,-0.0003827413901710438,-0.000678362545816831,0.11401870846748352
48,7XQ7,0.1,-0.15171236955998713,0.016058804426350104,0.01472404942645722,0.010807481579801825,0.0012593943849266986,0.118715800344944
49,7YBX,0.1,-0.1586409209586079,0.012484669241295876,0.010511935064693834,0.008250859168103392,-0.0034502841156878465,0.1568017154932022
50,7W8E,0.1,-0.24696909728700928,0.014437451680225312,0.014362956468342292,0.05178003283186294,0.003616394895511882,0.2812350392341614
51,8WIM,0.1,-0.2367286183452213,0.003170124869110058,0.00209733943648599,0.001960308528551849,1.7131774994617013e-18,0.1537892371416092
52,8FAF,0.1,-0.19310869929033203,0.012749846278092225,0.004099339412053038,0.0075893220805843264,0.003808822153205188,0.15053606033325195
53,8S9E,0.1,-0.20481265183936934,0.0038766176369119114,0.017471746887303685,0.000589854979208479,6.320817923221797e-05,0.16221541166305542
54,7T32,0.1,-0.13615569399583272,0.024787673974399793,0.019180521944128892,0.015041944834917054,0.0004921721876237836,0.2810833156108856
55,7FPN,0.1,-0.2563118545515604,0.00046435247559412085,0.0020237736275259544,0.00022561598242862996,0.0017547371897762704,0.10716285556554794
56,8B0K,0.1,-0.3331028843522604,-6.968267669301212e-06,1.710971629798885e-18,0.001299680589210331,0.0036108862412383425,0.14861707389354706
57,8F3G,0.1,-0.2570961357333795,0.00169305527940386,0.003616481852180803,0.0007313713831421237,0.0006395351183887815,0.1315964311361313
58,7VE4,0.1,-0.21524988948664542,0.0007388919197698768,-0.0297334288585043,0.005715586097036429,-0.003779716546873029,0.20328481495380402
59,7UI4,0.1,-0.23388221192877803,0.005416443009045452,0.003168898500019751,0.0015642206238000445,-0.0002678917192731507,0.15143737196922302
60,8F3X,0.2,-0.15852343442399425,0.017004622832360206,0.0073504102004120775,0.008784068029385333,0.0001427273591968689,0.26283296942710876
61,8F03,0.2,-0.15964843475221935,0.011018621701108733,0.007395361023277397,0.009592454500404746,0.0011616323371853865,0.28447961807250977
62,8CNS,0.2,-0.18107939469157172,0.014093105571445441,0.005331621154865768,0.005832001959804239,7.890393708395033e-05,0.25361379981040955
63,7G9V,0.2,-0.16905067040535357,0.01633728046894456,0.007346155033670532,0.0018138292940192285,-0.0007069750210970255,0.2702539265155792
64,8C1I,0.2,-0.18163885377300862,0.017577470836253883,0.010058130267265375,0.0011765144040650627,-0.004157599047420024,0.2522359788417816
65,8HDF,0.2,-0.1864906102070692,0.011811790266238964,0.0017065786181479359,0.003507295388080811,8.644569707450671e-19,0.26375114917755127
66,8FMC,0.2,-0.14274656638056557,0.026573392776074567,0.011949537358885931,0.00756265974185577,0.0023815159668583723,0.2784639894962311
67,7SPT,0.2,-0.10782533567636664,0.02846768572287156,0.02037304933577022,0.01591593999588009,-1.1747677283599966e-07,0.31712105870246887
68,7ZEE,0.2,-0.275844643840828,0.003530971418898993,0.00024193903865278588,0.016814862175005163,-4.241215676322227e-08,0.2686125636100769
69,7Z0A,0.2,-0.18075616573298794,0.011043909969261634,0.0007636620556318169,0.002368888704774294,0.0016437183344557016,0.38558563590049744
70,7TVB,0.2,-0.08962752771035974,0.02041908564215017,0.013670099399170188,0.0025171579703042735,0.0002995150062074445,0.2225569635629654
71,8GM1,0.2,-0.15358079228971433,0.009392331471431287,0.008946643814792765,0.009220571695655488,-6.985666563071816e-06,0.24079126119613647
72,8CMV,0.2,-0.19421404431904168,0.011649934559283426,0.011032828832970687,0.009311403718757022,0.00039927016804859605,0.24143557250499725
73,7FY9,0.2,-0.17971942096530763,0.004551408007861468,4.597427107354106e-06,0.008905230162108563,-0.003969593294973539,0.2917039394378662
74,8TV8,0.2,-0.1735767315862791,0.011887002875167973,0.009032733875345977,0.001677377725249271,0.0030368489754871997,0.27207788825035095
75,7TA5,0.2,-0.18669275603648927,0.018768658000373584,0.01385940662542007,0.009190011028826495,-0.0002672641034766471,0.26049476861953735
76,8ABX,0.2,-0.15780775532951252,0.01153102939651307,0.008669919558390221,0.011235935145671616,-6.027472488031529e-09,0.2669750452041626
77,7VEV,0.2,-0.1651728832850241,0.019173276906109038,0.010909833989445505,0.009549439880955052,-3.2182762863352124e-08,0.2603859007358551
78,8OTB,0.2,-0.1944395255601152,0.014647922619912377,0.010627835231330762,0.0031262155647497625,0.0012663701867534488,0.24153460562229156
79,8AHB,0.2,-0.18991306099112845,0.005517494937312822,0.014907420711265607,0.002532746117830859,-0.004058166193898163,0.19372114539146423
80,7XOR,0.2,-0.10976383010076429,0.026776555200754226,0.013862562634694653,0.006715675250490272,-0.0009951691827386616,0.2633224427700043
81,8FKM,0.2,-0.0782283034906752,0.01315611866898797,0.0026017883170080247,0.013508082466286764,-0.004014752871299709,0.4635038375854492
82,7WC9,0.2,-0.03896181126501838,0.004903992470171842,0.0032557869968916076,0.0005966638799237284,-6.965962940756049e-05,0.4097871780395508
83,8DWI,0.2,-0.07653473707132005,0.029762489109829926,0.008105453035539778,0.01045034841182546,-0.0009519250227635334,0.4217246174812317
84,8FEN,0.2,-0.233991352787736,0.007584518051888978,0.007207528426958154,0.005533087087962629,0.002850097916630684,0.30113574862480164
85,5SG4,0.2,-0.10409546829421515,0.02646528037491946,0.02602342665703605,0.010088282104866064,0.0015066139087880626,0.31784558296203613
86,7RL2,0.2,-0.12947516575753085,0.016046474408817013,0.010775154160258704,0.0034504472709165346,-2.6047388938506788e-08,0.3042852282524109
87,7W09,0.2,-0.07842901587707492,0.04075209202863484,0.025280193606141088,0.029477466684583287,-1.637843665875738e-05,0.3244900107383728
88,7QS3,0.2,-0.12200072122405652,0.026570449254238515,0.017661016380380645,0.012541707196940588,0.0013896288312163776,0.2655380964279175
89,7S15,0.2,-0.15922032600213784,0.022078882597998783,0.012822307684726421,0.0004988122554505231,0.0014266108124866422,0.4728313982486725
90,8ETQ,0.2,-0.11261238298715814,0.010050801647343899,0.011448845513933437,0.005923742064386395,0.000914050584325754,0.24940426647663116
91,7R20,0.2,-0.18137205501079096,0.01658715057310578,0.014214189931517516,0.0037675345536052895,0.001153999206800288,0.3325648605823517
92,8A7Z,0.2,-0.00240412349432028,1.7925306521537553e-06,-9.093938808948065e-07,1.4355282861554242e-06,2.778569621773516e-07,0.37298378348350525
93,7Z2T,0.2,-0.16201858857611506,0.016115183478975226,0.012206831772308246,0.0009092960007386075,0.0003664665536459444,0.2360227406024933
94,8HRN,0.2,-0.049883093977245364,0.051483625916200815,0.022214419002582253,0.01980718414626853,-1.3510599379615572e-08,0.3771294951438904
95,8E3S,0.2,-0.12501757212978984,0.03413370009210748,0.013435626248509025,0.02698257646627933,-0.0002594101002012343,0.33722156286239624
96,8AGG,0.2,-0.12344268052358731,0.02598153763305866,0.01864372673974607,0.007569604990664946,0.004416370868689706,0.351518839597702
97,7UNP,0.2,-0.1728539723161398,0.014110641779152389,0.005471945151806101,0.004270465718650057,2.515060350770631e-07,0.25007110834121704
98,7ZOS,0.2,-0.22283699467231313,0.004567228660917078,0.0040148720455840115,0.0033196257510575145,-0.003899655598086034,0.3578455448150635
99,8ASZ,0.2,-0.23478132452235306,0.005976804351391807,0.0019083108571965879,0.003456189275128363,0.0001509995933808017,0.2713378369808197
100,7ZK2,0.2,-0.2171773475538085,0.012785107416357409,-0.0002146872034472936,0.001554017500968341,3.12995218808617e-05,0.29281747341156006
101,7QGI,0.2,-0.1901612930927104,0.011984033657076287,0.0024864087936474627,0.0025614196415068846,-6.79014331767451e-08,0.31345832347869873
102,8OXI,0.2,-0.1286113336326726,0.026722804471067507,3.3455842905231667e-06,0.00966812653765603,-0.004147986341129034,0.2924070656299591
103,7QYW,0.2,-0.33065616125602554,-5.520352649026881e-08,0.00038791145363238633,-3.822865679444301e-05,-0.028942889141390232,0.2985920310020447
104,7QZS,0.2,-0.26609583862112796,0.008230311337424467,0.013007987748028305,0.0020192155261466865,2.107764076466137e-05,0.3083125650882721
105,7QMS,0.2,-0.23011719419487356,0.008406074469590158,0.0035084856584988444,0.0029909778679318433,-1.707738459614085e-06,0.1936347335577011
106,8F3F,0.2,-0.1943249993926845,0.014829235220794434,0.01120177165092534,0.003249785972335023,-2.0169182060938566e-08,0.24894770979881287
107,7TX5,0.2,-0.20473506529116464,0.0015572836159724324,0.007137181951693604,-0.0001142841212980715,-0.004100303259342047,0.23356641829013824
108,7XQ7,0.2,-0.039742287374568905,0.04569252163851223,0.029515297210935484,0.023938173598198886,0.0027638619037737566,0.2644881308078766
109,7YBX,0.2,-0.12895836697173024,0.022071233656149436,0.007210937842176052,0.011627603411541121,-0.0009883619285638162,0.293696790933609
110,7W8E,0.2,0.06204647044722578,0.09577491749242074,0.013639479090616358,0.1030740779157372,-0.003967371897195149,0.4710635840892792
111,8WIM,0.2,-0.2315701176822862,0.00470413096136707,0.002171055551037873,0.0013150855017459717,-5.799988566612706e-09,0.2649887204170227
112,8FAF,0.2,-0.029024322981189447,0.05109834768193777,0.03170927956823871,0.034872638903592046,0.006779390627728005,0.35173091292381287
113,8S9E,0.2,-0.10456682909276642,0.014346998258662256,0.006957952790183909,0.002469626200006722,-0.00019786415693614536,0.3548276126384735
114,7T32,0.2,-0.10379496351148958,0.03992268514691255,0.02726587393968044,0.03801858895148025,0.0008910117580509108,0.48080822825431824
115,7FPN,0.2,-0.25613574378168297,0.000708552038726204,0.0051443055732155185,-0.0001827207915998802,0.0003661327838341624,0.2428840696811676
116,8B0K,0.2,-0.205763858920708,0.015990362264437064,0.016329095682173722,0.005837891700873676,0.0026741147093343742,0.34030255675315857
117,8F3G,0.2,-0.21465701361432815,0.008514578421719127,0.007060133494913745,0.004318424679610744,4.4141241260422376e-05,0.2828342020511627
118,7VE4,0.2,-0.20461143027784465,0.011076603392965734,-1.3851058725983332e-05,4.950847570390007e-05,0.00679471443241908,0.40833210945129395
119,7UI4,0.2,-0.1531128473356062,0.020372163414586197,0.006718053471413661,0.010654155995992454,-0.0038721901045117094,0.3064572513103485
120,8F3X,0.3,-0.15454775969013884,0.023841837067217986,0.018474181015622815,0.004001248963799858,0.0007734948761122795,0.40417492389678955
121,8F03,0.3,-0.05722003312948635,0.03431751334408356,0.008774122429902914,0.015848923628470124,-2.3384115940292514e-05,0.4232724905014038
122,8CNS,0.3,-0.12945034863757104,0.025581514035071196,0.004712954610032655,0.012056543494912475,0.0007340025119307036,0.42480117082595825
123,7G9V,0.3,-0.14181226857367274,0.028731301334850856,0.016069144597800844,0.005469811082961518,-5.094593693019331e-05,0.42490237951278687
124,8C1I,0.3,-0.15848012368297412,0.025673293520978913,0.007433217367145778,0.008233371183877985,-2.1040923848039535e-08,0.4312754273414612
125,8HDF,0.3,-0.12950797449041612,0.02084268742201406,0.0029910819413745127,0.0029514372199013483,-1.3340613623260593e-08,0.4212777316570282
126,8FMC,0.3,-0.07720904941416837,0.033476374080012306,0.024462013223084778,0.010672452273291942,0.0012649782634694823,0.39938586950302124
127,7SPT,0.3,-0.06573117363209928,0.050608958144827014,0.033439563474557066,0.013479808993445641,-2.4778592169462377e-05,0.508955180644989
128,7ZEE,0.3,-0.13826510647567108,0.030045009815000745,0.005309944646093218,0.03147770787413062,-0.0037444464656701815,0.4256713092327118
129,7Z0A,0.3,-0.025203051383031774,0.07565749355864382,0.041358776461166924,0.0036498920475560863,-1.0339972175771648e-08,0.5399286150932312
130,7TVB,0.3,-0.06612623116078155,0.045000873841665845,0.02496769846027258,0.030398124286600655,-0.00019814517387460422,0.47927215695381165
131,8GM1,0.3,-0.054756044830062266,0.04481407500121293,0.0395072935935703,0.007588463794157867,-1.6011180677237297e-06,0.3939415216445923
132,8CMV,0.3,-0.21302722251967848,0.013380296985423312,0.016764898771715442,0.0033823468933276424,-0.0007665344103347793,0.3558445870876312
133,7FY9,0.3,0.03322085336239829,0.09221792525936257,0.044529534108256885,0.07097006667990746,0.00012347468390598582,0.4664156138896942
134,8TV8,0.3,-0.13856495266295443,0.023206401513543418,0.021845461083738082,0.005432193144078196,0.002907011885481675,0.4233994781970978
135,7TA5,0.3,-0.0751762925422474,0.04291431676595325,0.03501392079555893,0.01855604723714599,-0.0008405564708507084,0.4286647140979767
136,8ABX,0.3,-0.10105313503644883,0.031933901779841234,0.016020519122365184,0.0291018334235843,-0.0007287160573537925,0.44289082288742065
137,7VEV,0.3,-0.06495058648642607,0.04891550240693765,0.030758092043235204,0.029389507176834414,3.4345444925421417e-18,0.40265145897865295
138,8OTB,0.3,-0.12687780463031506,0.028240102882248763,0.023322548194828097,0.013161536242730865,0.0012253391770374322,0.38015419244766235
139,8AHB,0.3,-0.14523581175987793,0.02856401159655808,0.003969749595175376,0.01034150341453105,-0.0003472484832967842,0.33992716670036316
140,7XOR,0.3,-0.15625161980740052,0.02416967043265822,0.001622404478125325,0.0021489510531074035,-9.808076136248647e-05,0.4378264248371124
141,8FKM,0.3,-0.010379565050808523,0.03327944984680481,0.012702438733228405,0.032408724682271794,8.603257534316827e-19,0.7144983410835266
142,7WC9,0.3,-0.011881278217713861,0.010461950454653146,0.0074951087341231515,0.002156909415162042,0.0002798578891274259,0.6856853365898132
143,8DWI,0.3,0.02167420259903933,0.08803783229214245,0.040541625321666726,0.03490299020312715,3.9032555187744344e-05,0.7230282425880432
144,8FEN,0.3,-0.09173108005563646,0.04181946761771682,0.037683677056082554,0.010572291235232123,0.0018763495426698804,0.446709543466568
145,5SG4,0.3,0.004692877305348466,0.07592189527002113,0.03536526107642246,0.04844467730189228,-0.00399437064883916,0.4945993721485138
146,7RL2,0.3,-0.051542569074430854,0.0547587580127481,0.040616894647523494,0.02748424989891429,-0.0008471646851917237,0.47926169633865356
147,7W09,0.3,-0.06603457708812156,0.05063236219549039,0.020423864510488,0.021928508330583296,5.5377110210808045e-05,0.4984157085418701
148,7QS3,0.3,-0.05210233664848417,0.0443246458208496,0.009442332135923825,0.01962024967325049,0.0008392516655093969,0.407105952501297
149,7S15,0.3,0.13975307333381143,0.18611155691842307,0.08524425248238388,0.02003960552873907,-0.0029887317819112455,0.8010397553443909
150,8ETQ,0.3,-0.10276052375391385,0.02487361628736584,0.025765770344382988,0.015113272784448128,-0.0006179670426165636,0.45308902859687805
151,7R20,0.3,-0.05690936887109546,0.03906387547907031,0.005385673561491251,0.019656587156390903,0.00469717828379812,0.5230137705802917
152,8A7Z,0.3,0.0005601779112939392,1.7464424010696367e-05,1.3700140805833743e-07,6.6409633924600225e-06,-3.5754676690411533e-09,0.5008179545402527
153,7Z2T,0.3,-0.11054635238213326,0.033898256835928675,0.027811058292970647,0.0009707301574989058,-0.0009436592947888803,0.3616601228713989
154,8HRN,0.3,-0.029865780362515866,0.07132635788307073,0.03682400979722056,0.042489471530775424,6.48238480397534e-18,0.564103364944458
155,8E3S,0.3,0.03403686291312923,0.08522714506698748,0.04662238004700181,0.0645040811915577,-1.4689370556414061e-08,0.5755155086517334
156,8AGG,0.3,-0.04319842654251388,0.0537181909966562,0.04187073754905224,0.016549586162808383,-1.794249693848388e-09,0.5596532821655273
157,7UNP,0.3,-0.13187704818671933,0.02211267204383227,0.0046067011684060855,0.005645922908162987,0.000509870364444269,0.3946985900402069
158,7ZOS,0.3,-0.08745720426951879,0.03015692722207941,0.04126634295530429,0.009843447695310537,-1.0294099331469312e-07,0.5296262502670288
159,8ASZ,0.3,-0.26169821472813287,0.005649830053699345,0.007232760048511283,0.0048116980748764415,3.0536549735973167e-06,0.4295830726623535
160,7ZK2,0.3,-0.1329819322429105,0.026612520080746657,5.4130543346294496e-05,0.0018196758197223106,8.645223989474034e-19,0.44193556904792786
161,7QGI,0.3,-0.06843763191389879,0.040569860217390175,0.019754877260587833,0.023319715937477226,0.0017818921178971853,0.4977479875087738
162,8OXI,0.3,-0.032464755711487644,0.04319130882789346,0.03719305555511554,0.022153405783409852,0.010173128819957243,0.4603428244590759
163,7QYW,0.3,-0.1435991852579194,0.02904876606178397,0.016176425545132267,0.020510793341210032,-0.0005744944456695794,0.5056662559509277
164,7QZS,0.3,-0.15371435377904086,0.02002566563213276,0.00926451660758204,0.008310939051142274,-1.2859294430054037e-07,0.4658070206642151
165,7QMS,0.3,-0.11478229471832138,0.03386000731162131,0.03579732086272558,0.011020763743528561,-0.00019170303668702288,0.32563409209251404
166,8F3F,0.3,-0.11067220334995277,0.03186341610371196,0.022737014778630382,0.007089006910087542,-0.0008768776346923628,0.41467443108558655
167,7TX5,0.3,-0.06304554858100028,0.038442613889348554,0.01389990767976651,0.01790592288615578,0.00042329388481524705,0.33771541714668274
168,7XQ7,0.3,-0.029813921188562714,0.03817556619786466,0.012990095832452198,0.021366644517971434,0.0011043114890587763,0.40542006492614746
169,7YBX,0.3,-0.07243422019139807,0.04163907096690911,0.013725969626321888,0.02827978986328389,-1.7529735899949554e-05,0.4204953908920288
170,7W8E,0.3,-0.06560575003640745,0.0742315889222136,0.025898380625648587,0.11875210387825663,-4.7927593393630964e-09,0.69053053855896
171,8WIM,0.3,-0.06307496531347813,0.03872824625683935,0.01974842675827365,0.01642001423183781,0.0020918610441736096,0.4605323076248169
172,8FAF,0.3,-0.069571710595186,0.05617217792686158,0.018887316734975568,0.060781565329803944,-5.966777774289315e-08,0.48315948247909546
173,8S9E,0.3,-0.1832640767444406,0.02265015567455636,0.02566631033490291,0.014639610616414833,0.013881945130545026,0.5975896716117859
174,7T32,0.3,0.029992722057889245,0.11067944143662523,0.06357562163662223,0.025667748664556178,-2.433085390330693e-05,0.7603455185890198
175,7FPN,0.3,-0.05889910749791453,0.041946096391870746,0.026635130096323678,0.016925611079166847,-0.0008796128501946977,0.41482052206993103
176,8B0K,0.3,-0.14060552899206902,0.038044403497033086,0.02129032442268569,0.014368252625084121,0.005529899355995127,0.5438396334648132
177,8F3G,0.3,-0.167364259209217,0.020930718368713686,0.02503013521651376,0.006471881233859639,-2.744717842245465e-05,0.43677955865859985
178,7VE4,0.3,-0.10510586080320435,0.024701641571263366,0.01120709440146822,0.00645629651329932,0.00043931680252557587,0.5323253870010376
179,7UI4,0.3,-0.06703359998812963,0.04309042004713515,0.020586238947360332,0.02509480487255095,-6.733299435013676e-05,0.46852925419807434
180,8F3X,0.4,-0.05524759359309014,0.049810047391528944,0.009288793721060257,0.020701886729757757,-8.37904915648854e-06,0.5845134854316711
181,8F03,0.4,-0.052863742423398655,0.05374110762365458,0.014266726818598863,0.01855602512690424,-0.004114996467153964,0.5275083184242249
182,8CNS,0.4,-0.06161667983969888,0.0462152467080551,0.02799421812662689,0.027108891182131667,7.439705338789515e-05,0.5885596871376038
183,7G9V,0.4,-0.053075180809280205,0.06904802650293285,0.04088378973093065,0.0230949461332996,4.899223401359093e-05,0.59316486120224
184,8C1I,0.4,0.00790751676558226,0.07339408140987147,0.03903239805204817,0.01126557516085408,-0.0008015345590023162,0.566034197807312
185,8HDF,0.4,-0.09065517583207591,0.043121792128105296,0.01913356571164293,0.022100045712061755,0.00033539503597610626,0.5853776931762695
186,8FMC,0.4,-0.05656254759113328,0.05775783804145807,0.03600533137687356,0.019378286443281323,-0.0008290155611507115,0.5698984265327454
187,7SPT,0.4,-0.006125529176800683,0.08994872370017692,0.056562311411871846,0.0312582351965201,0.0004050308671602679,0.6819748282432556
188,7ZEE,0.4,-0.08442452690532097,0.054307798118538586,0.011565866795891222,0.032538807182053764,0.003058850445432665,0.6022158861160278
189,7Z0A,0.4,-0.06632083562251413,0.06061720639482282,0.0232407792725699,0.004699592433671519,-5.539698874838794e-05,0.699397623538971
190,7TVB,0.4,-0.016240627765829376,0.07674862320552422,0.03237568262841928,0.02117586116812059,2.2797823213166653e-06,0.6885526180267334
191,8GM1,0.4,0.019776600199856057,0.0767470214567294,0.0545241516557774,0.02039967749668109,0.0012233512796153562,0.5434967875480652
192,8CMV,0.4,-0.11797619430560005,0.03489547926914188,0.037099656548092996,0.016753600364290022,1.67845302124711e-18,0.4828423857688904
193,7FY9,0.4,-0.08731463412015229,0.046259610310398824,0.02266140737420147,0.03276205007004407,-2.1993933998121258e-08,0.6281664967536926
194,8TV8,0.4,-0.04057423480768242,0.06287179578396307,0.046237622158318725,0.021763863593093014,1.1181029936245188e-07,0.6030671000480652
195,7TA5,0.4,-0.06433691836782351,0.05307092496551069,0.030356593364200216,0.013308577810573485,-0.004090836750836699,0.5935614109039307
196,8ABX,0.4,-0.06889504643377227,0.04643206661507748,0.02431838840303518,0.05748974522526984,-6.264440968699294e-09,0.6073329448699951
197,7VEV,0.4,0.01309791828600249,0.07965143181237933,0.04943410439258511,0.02976224265873878,-4.7516007529408416e-09,0.5722363591194153
198,8OTB,0.4,-0.03203377176646446,0.05939368512109533,0.030285317317951033,0.017386215955002116,0.002252304963079793,0.5408998727798462
199,8AHB,0.4,-0.07748656869447483,0.04418788293693243,0.01133366730259916,0.01801474598115599,-7.392135269092791e-05,0.4817598760128021
200,7XOR,0.4,0.00886608854241523,0.07577703150662496,0.019940189133966058,0.02469753620750742,-0.0006010979308430503,0.6339185833930969
201,8FKM,0.4,0.10145200089249912,0.09470080877549547,0.06052371123054234,0.055864372895057295,-0.000862439812982365,1.0126756429672241
202,7WC9,0.4,0.020814207754858604,0.014037466503838858,0.01003517099593132,0.0070673179633750915,1.5998017391615632e-05,0.8743377923965454
203,8DWI,0.4,0.1522293810444187,0.19745176500090733,0.0798670065022542,0.07347737593480241,-0.004026138124691131,0.9383291602134705
204,8FEN,0.4,-0.01911040675673257,0.08536817481625658,0.030518674238760257,0.032108522691776165,0.0019637732871305713,0.5993672609329224
205,5SG4,0.4,0.00253928899202266,0.099863341066466,0.06892371196358305,0.024684401590758687,-0.00024000640393620834,0.6655901074409485
206,7RL2,0.4,0.035448302598336756,0.09217349256338192,0.06536636429130482,0.03710345639782265,-0.00019900429104494077,0.6536942720413208
207,7W09,0.4,-0.007454398445384967,0.0839276422545846,0.07872899401047861,0.03785200552908974,-0.0008473863620588953,0.6886594295501709
208,7QS3,0.4,-0.005401388035976431,0.061973814862282595,0.008383004935458349,0.009313842099361536,-0.0036991648163909457,0.5477650165557861
209,7S15,0.4,0.12769525842494905,0.20393863520306899,0.1238615205590563,0.05437295496649652,0.0007667822155539433,1.1019154787063599
210,8ETQ,0.4,-0.055583120268318985,0.06082613931891945,0.05163853551047337,0.04124594627375322,0.0012575214131345797,0.6578574180603027
211,7R20,0.4,0.03813065764167749,0.10022576155536744,0.025878107356296642,0.061071090929935345,-0.027081377159580727,0.6707754731178284
212,8A7Z,0.4,-0.000921466262988889,1.6109221258442386e-05,3.172612645158633e-06,9.842253112218174e-06,-1.2735713800143063e-07,0.7459681034088135
213,7Z2T,0.4,-0.1523314853015456,0.026409442493452506,0.027647379159875418,0.0033119184116587874,-2.374374870631451e-05,0.520684540271759
214,8HRN,0.4,0.09516098071702217,0.13908262302605356,0.05581845985202415,0.06892246845008876,-6.831225922302071e-05,0.7737723588943481
215,8E3S,0.4,0.06662597935177138,0.13734907219052395,0.08411394802081795,0.10819045072199562,-0.0038960789049916206,0.7869002223014832
216,8AGG,0.4,0.05578303160730576,0.097541983084251,0.08766221375696825,0.037505756429130455,-3.039702692712115e-08,0.7540966868400574
217,7UNP,0.4,-0.03807089468573268,0.06827007399063945,0.022787556251430308,0.013435573305566217,-2.687077666816403e-08,0.55997234582901
218,7ZOS,0.4,0.026118701757077315,0.08623800902670364,0.06317922085992422,0.0598676576680297,-0.0008034951416004757,0.7888072729110718
219,8ASZ,0.4,-0.08565922889786079,0.04878943516354495,0.04907439458215723,0.02087686184773524,0.0007241425900680332,0.5922915935516357
220,7ZK2,0.4,-0.05221474140955665,0.05829575672687227,0.016019233392157828,0.03516804655429129,-0.0008132556007362061,0.602237343788147
221,7QGI,0.4,0.04528929926937002,0.09672645074284203,0.05891298079231755,0.026927119885255535,0.0006677193312349533,0.7096624374389648
222,8OXI,0.4,0.0014313107785665759,0.07997144747708795,0.012855071868423662,0.09640706724389092,0.0021380012684211885,0.7466292977333069
223,7QYW,0.4,-0.07831082337835724,0.03682862985840896,0.03520979475638497,0.018808281263961335,0.0001425792549386122,0.7213241457939148
224,7QZS,0.4,-0.019609298477599943,0.08948110300548762,0.04955950058195202,0.025357997773048868,-1.340579691177738e-07,0.6463261842727661
225,7QMS,0.4,-0.09538684938212603,0.05424864295406484,0.021947076513047226,0.027175563240008083,0.004742911045442749,0.4398243725299835
226,8F3F,0.4,-0.06931498098430906,0.058159784214141586,0.018844051688851116,0.022883038698129465,6.004142945991407e-06,0.5689573884010315
227,7TX5,0.4,-0.04265245799298379,0.05399783215661092,0.03880921412805027,0.03943394256890709,0.0016609514840610765,0.4719597399234772
228,7XQ7,0.4,-0.04404030153314927,0.0585427004929725,0.0496698300686651,0.04062912755644599,7.701434399020463e-05,0.5483197569847107
229,7YBX,0.4,0.0014642577290202693,0.07698364549114045,0.03666926334380671,0.029939753080445223,0.001074821647916821,0.6088917255401611
230,7W8E,0.4,0.18827437100572322,0.23676183473577384,0.08372893979005502,0.16869904466084207,0.018524168693635656,0.9038875699043274
231,8WIM,0.4,-0.04119089273341246,0.05081566848342245,0.013513847594257779,0.008297695631107188,0.0009972828126028621,0.5995375514030457
232,8FAF,0.4,-0.03641754630869504,0.07334816991379756,0.018845950345313,0.09924533137227154,-0.0009051753468435411,0.6583850979804993
233,8S9E,0.4,0.01713433875337884,0.11012563838161704,0.04888640303104086,0.12770712224671166,0.000301039212017698,0.7978228330612183
234,7T32,0.4,0.18572902364882143,0.2469025337627777,0.13558923305710513,0.06704412710466312,0.0024968556595912628,1.0718826055526733
235,7FPN,0.4,0.0877712938206323,0.10395763756192711,0.0522631545584602,0.09158126807655809,-2.821342868458308e-06,0.6138139963150024
236,8B0K,0.4,0.011176764469674735,0.08426318314997405,0.02516393420774321,0.03225326951175922,0.0017441743057018955,0.7358418703079224
237,8F3G,0.4,-0.10963183935941712,0.04300310741642843,0.015170202979180203,0.020241993604569686,-9.028945522867975e-05,0.5965182185173035
238,7VE4,0.4,-0.038828454256705926,0.05533723843816318,0.025455579945523776,0.019200483747626285,0.03183161253607775,0.7087157964706421
239,7UI4,0.4,-0.005065089267287692,0.07106131370158197,0.037468633386251615,0.03087569125417772,2.8358745712397243e-08,0.6711375117301941
240,8F3X,0.5,0.0531569304858584,0.12619573753584135,0.04803514331791148,0.028271693704999767,1.7346667019600692e-05,0.763677716255188
241,8F03,0.5,-0.02183004655169072,0.0839762967748836,0.01069454771218653,0.04603557851550011,-6.9303867297805e-10,0.7165670990943909
242,8CNS,0.5,0.0148800074099162,0.10559794452261761,0.033180791303282886,0.03585134332876472,0.002935593084870264,0.7815358638763428
243,7G9V,0.5,0.01156997856519634,0.09155441149269483,0.048971805586578876,0.023285033010822243,-1.6507673191222625e-05,0.7568815350532532
244,8C1I,0.5,0.011428402301868491,0.10818271976189231,0.024303598503731982,0.03461817815238594,-7.235609811588432e-05,0.7498539090156555
245,8HDF,0.5,-0.0028704312036047634,0.08059449462564283,0.03759535974118455,0.011448826019125335,0.0002241303791988697,0.7545859813690186
246,8FMC,0.5,0.0350541646295369,0.10865435119109179,0.06653791322395208,0.04557140629858769,0.0021172744946984373,0.7773450016975403
247,7SPT,0.5,0.02188469133394867,0.11569608484250438,0.03497694024298731,0.013374826944981655,0.0002223754593748961,0.8770456910133362
248,7ZEE,0.5,-0.01067876587314034,0.0868543656076387,0.040750807672061296,0.016017181373261136,0.0002761042375574105,0.7691739797592163
249,7Z0A,0.5,0.09281445112300807,0.16394006645004944,0.07027863613736218,0.02354931783269637,0.0030526376178314774,0.9397653341293335
250,7TVB,0.5,0.03261886650617015,0.10237276830433428,0.05054680102077269,0.052606527313508455,9.366678293919184e-05,0.8478758335113525
251,8GM1,0.5,-0.073305381056875,0.05200687042568941,0.030668022809265727,0.008938397368631834,-7.164859361198823e-05,0.7061781287193298
252,8CMV,0.5,0.016812871812276566,0.08360398914793987,0.022874322383426404,0.01449816685137506,-0.0001899399283295071,0.6522413492202759
253,7FY9,0.5,0.033691934070212155,0.10948894961941813,0.032711038833528105,0.04401826402266207,0.00019060412110049468,0.8931997418403625
254,8TV8,0.5,-0.0031293896726090264,0.0870397189541261,0.05980025486259477,0.03183210027353783,-8.190990597461804e-05,0.8006860017776489
255,7TA5,0.5,0.07314011863672071,0.15476965416882482,0.07812698351478908,0.07553940405271664,4.602454891768602e-06,0.827190101146698
256,8ABX,0.5,0.04809391265273963,0.11108580138504753,0.05478577731750256,0.0405628072055052,0.00015660864352423295,0.8630927801132202
257,7VEV,0.5,0.04961618575390859,0.10865122692618225,0.05026361785323974,0.051761691740217386,-0.000996803176233442,0.7632061243057251
258,8OTB,0.5,0.01285317926175721,0.09813771762494128,0.05331647784723026,0.025736967321445425,2.596305861102266e-05,0.7190836071968079
259,8AHB,0.5,-0.03768120573598333,0.06797269361287306,0.03297916713430665,0.017431159642706362,0.0001172299970893173,0.6089768409729004
260,7XOR,0.5,0.040131544863693976,0.10770297998578215,0.03320205934269388,0.0029135184409933013,-0.0005691440220647707,0.787813663482666
261,8FKM,0.5,0.14511499896648097,0.12132293122999928,0.06837448128082269,0.07245690383284653,-1.9643297744416106e-06,1.2227942943572998
262,7WC9,0.5,0.06191140679972124,0.030679357509590333,0.02250397411936872,0.012697835629545184,-0.0008681155842608611,1.1478450298309326
263,8DWI,0.5,0.11631843133486047,0.1827153279510949,0.053579794937886116,0.05147484307685557,-0.0006291138487184329,1.1606178283691406
264,8FEN,0.5,0.03896609159577232,0.1255497556782843,0.0696269308168791,0.04624617400229736,-4.9085717099073625e-06,0.771180272102356
265,5SG4,0.5,0.09160679727334253,0.16102326590585347,0.09911678436996907,0.01087376039768262,0.00014693070020914065,0.8683100938796997
266,7RL2,0.5,0.10764559775842586,0.14477970960807518,0.07780468873530955,0.0671820582169399,-8.506833625235648e-05,0.8376043438911438
267,7W09,0.5,-0.0014517928000025357,0.08888545691651517,0.06467346836759946,0.032306443798470585,-2.032181766646277e-08,0.8477892875671387
268,7QS3,0.5,0.008698133599134579,0.119124543974527,0.053215115515820366,0.030187604323541558,-8.724626616108756e-08,0.7658538818359375
269,7S15,0.5,0.3096754553534942,0.40642874797797557,0.15888826542673828,0.10969139205789369,1.754270308937378e-05,1.4341144561767578
270,8ETQ,0.5,0.06552206025711155,0.10710116651609014,0.05886413094542742,0.07430341126786599,0.0036757659488728667,0.8384405374526978
271,7R20,0.5,0.01627274850812133,0.11363173855176167,0.020828276117324965,0.01941625588664858,-6.580736180042228e-06,0.8561633229255676
272,8A7Z,0.5,-4.670849145269571e-05,1.3329550416581529e-05,2.2635159561308626e-06,2.174510364688284e-05,4.813724925357803e-06,0.8849843740463257
273,7Z2T,0.5,0.043269502249849795,0.10668238100677209,0.05175920955863067,0.016984733468478674,-8.726128409437298e-05,0.7135078310966492
274,8HRN,0.5,0.18850063694540914,0.22832982562045065,0.11771206984978433,0.10387948027314575,5.3872220388091405e-06,1.0415748357772827
275,8E3S,0.5,0.12678763211103758,0.18150177878648455,0.096911263083159,0.11562480259923769,-0.0009600619456404114,1.012559175491333
276,8AGG,0.5,0.09121401184059418,0.1446661873571804,0.0886778370415835,0.0829101941891267,0.00021288024059233634,1.042472243309021
277,7UNP,0.5,0.037593428375955196,0.09454251055046903,0.03748917571211441,0.03312436184162282,0.003074070626706449,0.7252857089042664
278,7ZOS,0.5,0.1551438758960076,0.1891282167707682,0.14391309203590175,0.10735844435371888,-0.0007240061984340428,1.0190824270248413
279,8ASZ,0.5,0.006881059830742235,0.08256843965392968,0.04913353415560562,0.03884477789280705,-5.567752898061772e-09,0.7522997856140137
280,7ZK2,0.5,0.046837233667090736,0.11453584801793615,0.03629919910185164,0.04991864964806314,-1.3856601905146563e-07,0.7687889933586121
281,7QGI,0.5,0.09727361687347484,0.13305575311234796,0.07351111599808346,0.07128950087396968,6.601710464049226e-05,0.8809574842453003
282,8OXI,0.5,0.06664894455220827,0.14906353254284954,0.05094033909115214,0.05168332990425872,0.004133986016921887,0.7449343800544739
283,7QYW,0.5,0.05490925850910226,0.126657492537531,0.06964055654846313,0.037069200380811296,1.1815672150042311e-05,0.984886646270752
284,7QZS,0.5,0.09492312485160208,0.15891329295840562,0.06324282839382034,0.03688737853027291,8.04986357667084e-05,0.8284285664558411
285,7QMS,0.5,-0.06618053979216061,0.06004027823918756,0.011240768589481476,0.007812423282999943,0.003733830459887205,0.5910512804985046
286,8F3F,0.5,0.03983558720452467,0.10857799016232783,0.04354228922642778,0.03701026679073127,0.0036076300269221873,0.7428166270256042
287,7TX5,0.5,0.01644606354151874,0.0951613002772983,0.06586121822753699,0.0491100561915755,-2.645024231168886e-09,0.6295604109764099
288,7XQ7,0.5,0.049676636438477736,0.11123138086185423,0.046531574201705284,0.07031821402975591,0.004664548758528536,0.734614908695221
289,7YBX,0.5,0.010050383467847524,0.12337340998537405,0.04291309464240689,0.05583306398215537,-0.0007712522959758585,0.8015439510345459
290,7W8E,0.5,0.22758154505716688,0.27246536419773415,0.07784786274404065,0.13518449662685628,-0.0009780135506015503,1.1097053289413452
291,8WIM,0.5,0.01684992393112946,0.07662780329165164,0.03501083603045868,0.019411292330276553,8.686179188456544e-05,0.80711829662323
292,8FAF,0.5,0.002835163234498953,0.13253180690201427,0.09370650195529595,0.10004816762912205,0.0014176478200367132,0.7877907752990723
293,8S9E,0.5,-0.003783299653041297,0.13018204092149532,0.048218054519293285,0.023624330076287225,0.0025668418137187177,0.9777905344963074
294,7T32,0.5,0.22151691518634023,0.30711134188994715,0.2562062000445027,0.13120406203642032,-0.0004826896196073391,1.2708543539047241
295,7FPN,0.5,-0.021283306879752783,0.06645624299026343,0.016738118001988156,0.03276841331917252,0.0037960583945439996,0.7955977320671082
296,8B0K,0.5,0.056228058521532544,0.1298114635243186,0.039837169345909085,0.04863805548449529,3.5889605152980564e-05,0.9222256541252136
297,8F3G,0.5,-0.005183501352342629,0.08403639407199737,0.049004864213188504,0.008697667469184461,0.00021842297900981356,0.7517102360725403
298,7VE4,0.5,0.17635731737132404,0.2070427987140513,0.10560145579587765,0.025741935196510635,0.0003722996454770533,0.9347527623176575
299,7UI4,0.5,0.07909310861134548,0.16063850742561359,0.0533548311132076,0.08748248803108272,-1.8321610110166202e-08,0.8938360214233398
300,8F3X,0.6,0.08024877940632186,0.14921557285624454,0.03787928888169212,0.07032300626790877,-0.0001036364498651016,0.9275884032249451
301,8F03,0.6,0.02273365388790611,0.10833946683865103,0.015870305246557803,0.0398001475022387,0.0005248912857767282,0.8602237105369568
302,8CNS,0.6,0.11791856329344132,0.18876870739524843,0.096062115909329,0.052440398782780284,0.0012749777158464065,0.9818856716156006
303,7G9V,0.6,0.10164919559612416,0.19127335397809042,0.09143732000594074,0.03780836173905012,-2.3711719438733878e-08,0.9533926844596863
304,8C1I,0.6,0.09490949736124438,0.1411979921528348,0.04299196601398503,0.03553120657873854,-4.14306799647422e-09,0.877036988735199
305,8HDF,0.6,0.06431799595653688,0.11723378695994281,0.05196700391941933,0.03900403206495051,-1.6533165798651533e-08,0.8904085159301758
306,8FMC,0.6,0.1089179385701216,0.14809998610138342,0.09318277495500815,0.0734431296244542,0.0014180466440976427,0.9292545914649963
307,7SPT,0.6,0.2128521119511796,0.26313504947980704,0.10315352783514387,0.056479982869322654,9.547683665066774e-06,1.1230530738830566
308,7ZEE,0.6,0.059827891577391636,0.12131247138272117,0.07145071806997627,0.07449071034655519,3.260563785678801e-05,0.9876465201377869
309,7Z0A,0.6,0.19148033759384164,0.26739040562096994,0.09726977733587516,0.09226149032791009,-0.0007603580063387168,1.202299952507019
310,7TVB,0.6,0.1241246404172803,0.20753613896183265,0.15645699762233645,0.07484639897849721,-0.00026683417734156556,1.1143321990966797
311,8GM1,0.6,0.12339652919316756,0.1581391733479045,0.08929482366130405,0.04089172732030199,-0.0040129614389217,0.9156519770622253
312,8CMV,0.6,0.06658566957086161,0.1303162236733677,0.0725604659930672,0.06381767983643993,0.0006274102709056747,0.7604880928993225
313,7FY9,0.6,0.07837866421569166,0.15246345170939524,0.03718748141645689,0.10634606204085362,-1.1454783293984807e-07,1.1314855813980103
314,8TV8,0.6,0.13642560976568816,0.18357212454696703,0.14242800266729705,0.05779476771098857,2.4469774143706657e-05,1.0082409381866455
315,7TA5,0.6,0.13705751378591283,0.2184199146346961,0.13564061005127748,0.09347612899988877,0.0010171009938892556,1.0167036056518555
316,8ABX,0.6,0.15982720716440046,0.1998440399597665,0.12342289425249041,0.08050486929194434,-0.00021596860221762514,1.129412055015564
317,7VEV,0.6,0.0938080176037987,0.14864657739599862,0.10219383969539153,0.06718133482866873,-7.925936432218172e-05,0.9431408047676086
318,8OTB,0.6,0.10068604171122193,0.1621626463997632,0.0724651499454948,0.08085568496621065,6.937428589967598e-05,0.8918637633323669
319,8AHB,0.6,0.04412751805980709,0.11347207522946579,0.03890703837930798,0.04957496363372105,0.00027724690417402914,0.7613312005996704
320,7XOR,0.6,0.07406035956933973,0.16050048525863625,0.032236827451003036,0.05179728245431847,-0.003873174296288008,1.0653913021087646
321,8FKM,0.6,0.193636314864937,0.16894335393800208,0.11694289257277589,0.03146492653222105,0.0006142375953275617,1.5147755146026611
322,7WC9,0.6,0.06701180511176769,0.034898330942802924,0.024042567952550775,0.012880378280748117,1.943444791070205e-05,1.3558228015899658
323,8DWI,0.6,0.16835416993430094,0.2238189731786684,0.10223532191931273,0.04852689683122313,-0.00019715664643862353,1.346662163734436
324,8FEN,0.6,0.06191721776911436,0.11522470583849453,0.05666768986544879,0.0448069224753328,0.0007332886827525614,0.9533452391624451
325,5SG4,0.6,0.21004932289836642,0.25235477665133965,0.1425164163693431,0.07703686702419765,0.0051760186811790065,1.1319421529769897
326,7RL2,0.6,0.14553068074153508,0.2013589179622408,0.10943090049177973,0.12218530314876275,-6.380843173218736e-09,1.0152939558029175
327,7W09,0.6,0.12769976483562326,0.17635457946352018,0.14345234263304785,0.08779976316488113,-0.00416163415952539,1.0574432611465454
328,7QS3,0.6,0.16181825545185197,0.20802609924730642,0.12684831351806958,0.07097870856302635,0.003011786430638791,0.9385759234428406
329,7S15,0.6,0.3378665758947117,0.49254290994513594,0.1822423613584594,0.2016247711398138,8.420896686870197e-05,1.7762452363967896
330,8ETQ,0.6,0.05812664687679306,0.1034411017068344,0.050851669550269096,0.0413149412293341,-0.00034170708344108923,1.074291706085205
331,7R20,0.6,0.13888290629933234,0.22011943992978877,0.05717437003852022,0.07520474900934693,-0.0006394322050945303,1.0664321184158325
332,8A7Z,0.6,0.0021569974287930496,3.6896617394950946e-05,1.6526847340988388e-05,2.4752778307872425e-05,6.953485639327011e-07,1.1049065589904785
333,7Z2T,0.6,0.11488640434733759,0.16388817219606033,0.08141251874782507,0.07041263626597116,0.0011875306110540745,0.9146948456764221
334,8HRN,0.6,0.24605343801214868,0.3190475686123062,0.17478309550741256,0.13877765415399224,-7.1301155513407875e-06,1.304425597190857
335,8E3S,0.6,0.21110517478636331,0.29205521788147415,0.1458612488763389,0.18511499984929758,-0.0033363144394873423,1.2650772333145142
336,8AGG,0.6,0.15847852298112006,0.2072181553304091,0.13276106029052448,0.09944725291904066,1.814897062515572e-05,1.272039771080017
337,7UNP,0.6,0.06480486683971531,0.12190429012516392,0.049390785767813195,0.04440514085416436,0.0069783989457172235,0.8958048820495605
338,7ZOS,0.6,0.16012052964614512,0.24815340136599118,0.17040878295936523,0.13327779131151507,-1.2537635820879203e-07,1.2286545038223267
339,8ASZ,0.6,0.0715987123477583,0.11866935861814132,0.061666394820295456,0.0305469797089985,0.0019411707691044525,0.9224887490272522
340,7ZK2,0.6,0.09112125437458576,0.15925934803745778,0.04755619451740645,0.0794659371051466,-2.7815147645449024e-08,0.9676364660263062
341,7QGI,0.6,0.1090404112944622,0.15834028344019546,0.10600177630212337,0.09364968156967624,0.0001597722032028459,1.0352165699005127
342,8OXI,0.6,0.009530967803573142,0.1271427093898354,0.06447981464243657,0.048320855032326304,-0.0009308878839627762,1.0684564113616943
343,7QYW,0.6,0.07443908570271308,0.15132473349801412,0.06099754855524597,0.12451193861687447,-1.032194571514589e-07,1.248782753944397
344,7QZS,0.6,0.08209854023736553,0.13922863456200885,0.04239091023622111,0.020300905368826783,0.00034902395485509474,0.9962252378463745
345,7QMS,0.6,0.015261280667779703,0.12243149139711851,0.03711718329912017,0.020422282066722086,0.011359262693234229,0.7607724070549011
346,8F3F,0.6,0.10021677855582707,0.17436054965622638,0.052626666204502404,0.062096667041828035,0.002485976183014965,0.9446352124214172
347,7TX5,0.6,0.11616428315833736,0.1796548527729549,0.07113051657334035,0.024427586287351755,-0.0034802994557244847,0.84963059425354
348,7XQ7,0.6,0.1144164526047156,0.17568219457523315,0.06985178862340957,0.10897857195756955,4.576761858384251e-05,0.9023137092590332
349,7YBX,0.6,0.07953578173195996,0.1846300057830237,0.04928033344345217,0.09713420414239171,0.0003783837650778582,1.0017056465148926
350,7W8E,0.6,0.2895534069592786,0.4987048537897323,0.1940080065697083,0.3563095109775505,0.0013202546589205777,1.4692729711532593
351,8WIM,0.6,0.0348971535909865,0.10917273698575025,0.04366850883875517,0.033600407221998474,-1.6586358073058475e-05,0.9791784286499023
352,8FAF,0.6,0.19538620335688842,0.32195032012166624,0.20352784408087965,0.1697446029181,0.003594785389836014,1.027717113494873
353,8S9E,0.6,0.12644069787381923,0.22026103056621363,0.0839807125608546,0.03979780173740788,-0.00022616938853856072,1.1640881299972534
354,7T32,0.6,0.3039564088875272,0.3935104393242752,0.17740440028556326,0.09155825930974237,-0.00040728741280232107,1.5169811248779297
355,7FPN,0.6,0.14344405256160514,0.17138892113968707,0.08441875233939033,0.11013027484520066,0.0034408931750667116,1.0069137811660767
356,8B0K,0.6,0.09608370571746373,0.1658343989782074,0.08996878898738336,0.057742234627745304,8.179025458261886e-06,1.0818235874176025
357,8F3G,0.6,0.05345002272110805,0.13335840851775238,0.052000639492539746,0.04925600693410026,5.173697652310731e-06,0.9460784792900085
358,7VE4,0.6,0.2296299685720188,0.3499531639865987,0.047871075314108724,0.026139282502441463,0.0027049647097353025,1.1756250858306885
359,7UI4,0.6,0.1541930378544656,0.20914231833756958,0.08043546289716243,0.10082390326271284,0.002891054377266028,1.064958930015564
360,8F3X,0.7,0.18641932327503202,0.23987974665902811,0.08867370094732241,0.09228891975850362,-2.462860490016691e-05,1.158746361732483
361,8F03,0.7,0.1796125148537229,0.22499653232107183,0.06981956702969272,0.053640817465078205,-2.3076347922350565e-06,1.043150782585144
362,8CNS,0.7,0.15288610051757454,0.20862371249686507,0.12422216154798615,0.07199985866702907,0.0009971163032531927,1.1812715530395508
363,7G9V,0.7,0.12239968627845775,0.19310652268898476,0.07577131071699306,0.09569738937167271,-0.004039831402977742,1.1232855319976807
364,8C1I,0.7,0.10533604512939046,0.1928232137251038,0.1390174634134469,0.05882500055562645,6.170052155987996e-05,1.0519084930419922
365,8HDF,0.7,0.14685179697028822,0.2040180664704494,0.059558605894147965,0.03550903206226563,0.001910440711565417,1.0827687978744507
366,8FMC,0.7,0.17251662657838546,0.21368709586119028,0.11577769548932426,0.0487739365133657,0.00015942375822786126,1.1416618824005127
367,7SPT,0.7,0.2460816393146865,0.3606328140326398,0.10842795356940682,0.06145077074442484,0.0007245264332705337,1.3416752815246582
368,7ZEE,0.7,0.08636425206801177,0.14572821329939356,0.08223582012019959,0.09615479385785486,0.000724277309307117,1.1574275493621826
369,7Z0A,0.7,0.17942485959393523,0.2477590657030968,0.07444175702447753,0.14458701885823744,4.0467589605484855e-05,1.4316266775131226
370,7TVB,0.7,0.2036754090225423,0.2979241873423517,0.206265342107248,0.1500248887720257,-1.923729345196845e-08,1.3516497611999512
371,8GM1,0.7,0.15718269413503283,0.1821354940127051,0.09648675264365492,0.10431684640747474,0.0003987501284820616,1.0878255367279053
372,8CMV,0.7,0.07857475598931929,0.14476833121053456,0.06685765095544993,0.05050610029929559,-4.733956490053865e-07,0.9494350552558899
373,7FY9,0.7,0.10442079616684956,0.24229701550765315,0.043224100742086824,0.19076925681585766,0.011463093655400824,1.2747712135314941
374,8TV8,0.7,0.2393394943075414,0.29786060692373395,0.1670263151300475,0.14462492276320682,1.669179541118667e-06,1.2217410802841187
375,7TA5,0.7,0.17885121558519942,0.2407577270656276,0.13568688876451973,0.08346535974402403,0.0002992958634425308,1.2204138040542603
376,8ABX,0.7,0.18764997261537172,0.22219599759086872,0.1118186335367426,0.09637585333085386,-0.0005226278312703645,1.2455826997756958
377,7VEV,0.7,0.21601730756540838,0.28115645610043893,0.14024871385978632,0.10361105406614424,-5.273482629412474e-05,1.1140934228897095
378,8OTB,0.7,0.1055288424996059,0.18582105639331936,0.09867765180681776,0.09622990277443344,-0.004145826868484623,1.0581474304199219
379,8AHB,0.7,0.051571383962176004,0.13995728570611332,0.05847909917258909,0.052649051600279884,-6.194228130820822e-05,1.003867745399475
380,7XOR,0.7,0.176802319437525,0.24254086996623547,0.06438786770833393,0.08389084102197375,-7.715982747004605e-09,1.2435816526412964
381,8FKM,0.7,0.19890496079570788,0.17323499695414446,0.11113124564278187,0.046126155168021876,-7.195807791729979e-05,1.6559791564941406
382,7WC9,0.7,0.0943056510664761,0.04514316248657979,0.03676794053380206,0.02182853718635891,-2.5940914313367976e-05,1.5078418254852295
383,8DWI,0.7,0.30728367685930374,0.38037977177725185,0.14034809696801864,0.08083253520543587,-0.0009754924992954397,1.5717501640319824
384,8FEN,0.7,0.11381295595402428,0.18492629194637056,0.10247881575821216,0.06966819701418236,0.0016632091010613387,1.1249374151229858
385,5SG4,0.7,0.1736431921381643,0.24275986678216155,0.1394408063150956,0.10125268040963786,-0.0004823343302892639,1.2941313982009888
386,7RL2,0.7,0.16199497376629152,0.26123051792938456,0.18303211257877594,0.13581498123704994,1.3257941666408413e-17,1.2331727743148804
387,7W09,0.7,0.14076732237304482,0.20624293074727817,0.13984769186282842,0.07083229171386196,-0.0009882339749571548,1.2853859663009644
388,7QS3,0.7,0.20033817909400994,0.27907808019187974,0.1733016861020975,0.1553922300626318,0.019641074535240555,1.1699107885360718
389,7S15,0.7,0.4167793114023001,0.7012919889695524,0.34027505556496207,0.27503880470427755,0.000907441590480812,1.9594265222549438
390,8ETQ,0.7,0.1876285633418622,0.27617933083684765,0.1285439673737243,0.036834274387776755,-0.000760504231928371,1.410657525062561
391,7R20,0.7,0.05614863887343799,0.17745762533215362,0.10346137674255618,0.16562742239087536,0.00030080516078768993,1.2695094347000122
392,8A7Z,0.7,0.0028390396990212404,4.470267320994328e-05,2.0300350568606268e-05,3.091699624971529e-05,-8.093448860300523e-07,1.308146357536316
393,7Z2T,0.7,0.11744125522446229,0.1772393914030936,0.09882081417501909,0.0484535159312407,8.61024352558227e-19,1.080441951751709
394,8HRN,0.7,0.2818410361512926,0.42399946769146357,0.19183290534257447,0.16772022837910905,-2.7098248412578407e-05,1.5282858610153198
395,8E3S,0.7,0.30412938603309847,0.4501134015960271,0.16371615092325564,0.2731311519101278,-0.0004075195452376696,1.5064623355865479
396,8AGG,0.7,0.21122281713214586,0.2707915135487229,0.14964668574981643,0.13026331719268058,1.3407458869438976e-05,1.4916949272155762
397,7UNP,0.7,0.14388974953998154,0.2062626151690612,0.08847235273652676,0.06531623041146306,1.8780856891598835e-05,1.1073086261749268
398,7ZOS,0.7,0.24079260893008744,0.35975273698078825,0.19772338527467093,0.12944667719701441,0.00019829219358163952,1.4964951276779175
399,8ASZ,0.7,0.16547169373380544,0.21761562176245852,0.09359065721763715,0.04156863478808792,0.00018665148685252653,1.1482294797897339
400,7ZK2,0.7,0.19448145841360853,0.2665325908586038,0.15935554818861908,0.11231584813584272,-0.0008808592446863106,1.1892653703689575
401,7QGI,0.7,0.14880506328505863,0.19132377508751097,0.09503189835245773,0.06360311562504672,-3.1422103242743048e-06,1.272480845451355
402,8OXI,0.7,0.13593530065572007,0.20859093072828339,0.12446138947264651,0.05744751168709927,0.009423635574673295,1.225033164024353
403,7QYW,0.7,0.30047990310564054,0.4214784255518529,0.13775538499646012,0.03977616592263988,-0.0037577766047685035,1.4358166456222534
404,7QZS,0.7,0.1826122155270189,0.23826427118289661,0.1014958329449358,0.09608453522125748,-0.0025066872635613087,1.195838212966919
405,7QMS,0.7,0.0857016498515219,0.15156836075216562,0.04661763622036608,0.037890690796393844,0.0016429557365331554,0.951984703540802
406,8F3F,0.7,0.16268106446059913,0.20848196415044895,0.0769155868747966,0.1021369299066419,0.003297764877786102,1.1205919981002808
407,7TX5,0.7,0.1319151273716525,0.2117672469088936,0.09083989310480667,0.0845626094142814,-1.5473478808201922e-07,1.0285776853561401
408,7XQ7,0.7,0.15392708021440563,0.22089465792669308,0.07725998785767962,0.10556853523219512,-0.004097718242549814,1.1331921815872192
409,7YBX,0.7,0.20654495191820368,0.26655031397073325,0.09815225308821907,0.09676036534633681,-0.003202447480463534,1.1590509414672852
410,7W8E,0.7,0.2570257509067598,0.5024083100319792,0.2803037398734005,0.36285776933734537,0.0006749053269662353,1.6496942043304443
411,8WIM,0.7,0.11801550674320871,0.17002929306257264,0.07329697140590374,0.053148171370040354,-0.0003847818265710727,1.2057772874832153
412,8FAF,0.7,0.28243302024501465,0.3480688486505952,0.13655943431079742,0.20529385055398297,-0.0002861932129700727,1.1625884771347046
413,8S9E,0.7,0.27871738689396913,0.4008270951560382,0.07240708151123942,0.20999960677786333,0.015656581677018777,1.364438772201538
414,7T32,0.7,0.351681536465094,0.5219851895045116,0.2529234752555418,0.1157343409948075,-2.2849687637279262e-08,1.7566297054290771
415,7FPN,0.7,0.10695828040634024,0.1771263602512987,0.10677100268254236,0.07734461137593196,-4.766303062111836e-05,1.244266152381897
416,8B0K,0.7,0.2017453474926588,0.30239844288798073,0.13700138498056513,0.06149085101755991,-1.7410023717880354e-08,1.3264189958572388
417,8F3G,0.7,0.1412134664890353,0.2126927137237673,0.08636514796895245,0.06743261584961113,0.0006488190017050754,1.163047432899475
418,7VE4,0.7,0.09925764564840697,0.2855195004391342,0.16020366170156386,0.09530003339648219,0.006882274897177548,1.338369607925415
419,7UI4,0.7,0.21068983005387915,0.29526307329339607,0.15509992699074782,0.1447486819227497,-1.2728501192393102e-08,1.2617498636245728
420,8F3X,0.8,0.2541489506430696,0.32979535137065774,0.12155083141789902,0.11836126631640398,0.0008029196324752103,1.3384623527526855
421,8F03,0.8,0.08206415289260335,0.1786753991346881,0.08660738982150451,0.05047596760668516,-0.00017622935106291482,1.2457720041275024
422,8CNS,0.8,0.2558653382835979,0.3318798151967737,0.18193821419520462,0.07800212235082005,0.0005811759524410876,1.3866961002349854
423,7G9V,0.8,0.18706619138892375,0.28024390500939345,0.11841256770515018,0.12628993952894696,-5.666286931971291e-09,1.326256513595581
424,8C1I,0.8,0.26700249442407564,0.3262309699884496,0.11299310067857915,0.09280592920089203,-6.977235108113732e-05,1.2506523132324219
425,8HDF,0.8,0.1901809323403431,0.2688886573419067,0.08003439176830607,0.040222246664320505,-5.821003867064503e-10,1.3154019117355347
426,8FMC,0.8,0.22940932584572588,0.2986582218062923,0.18627314357928637,0.0546531081987216,-0.0005773895108611669,1.3681563138961792
427,7SPT,0.8,0.2788105580117662,0.3905503191260107,0.1750924798549225,0.10161002488691306,-0.0001359394968118675,1.5389423370361328
428,7ZEE,0.8,0.20413319916719846,0.26442448954833275,0.11260716140267901,0.14153437101868316,-1.0104627213338704e-07,1.3598453998565674
429,7Z0A,0.8,0.3067755065133906,0.45568069712754644,0.15406642698639142,0.2049249983741348,-0.003809293276428982,1.671797513961792
430,7TVB,0.8,0.2837517527378268,0.40278866646306577,0.19861717128161493,0.19275144397282284,0.0010350162411280894,1.591841459274292
431,8GM1,0.8,0.19392134399636374,0.2573828503562787,0.13020256408755593,0.06614776575596648,0.0032745742719385578,1.2810769081115723
432,8CMV,0.8,0.1813810312837066,0.2577798426378832,0.11317413739497639,0.1443301873895726,0.002276189278005658,1.1952626705169678
433,7FY9,0.8,0.3038720557366996,0.38250196354345434,0.10269463291337266,0.10914036024543639,-0.0009479432734138815,1.4884564876556396
434,8TV8,0.8,0.2427705585712787,0.3235216405950472,0.1999571609519495,0.14633485655339107,-0.0005942286973030092,1.4232686758041382
435,7TA5,0.8,0.2715916076084611,0.38673739884906544,0.17583608657102578,0.13933000758913705,0.000557626683470959,1.3951754570007324
436,8ABX,0.8,0.22400397811137163,0.2901484010926352,0.2361557406487933,0.13807715394178843,0.003288020631247723,1.4404469728469849
437,7VEV,0.8,0.24029421288200775,0.29997945105709256,0.15342941517521513,0.10447300643053237,-0.000769351970410545,1.3315054178237915
438,8OTB,0.8,0.18983663718813734,0.26016868926212333,0.08944237726845283,0.11297452251947371,-0.004165862317875191,1.2958570718765259
439,8AHB,0.8,0.1530887413042755,0.23791171457113647,0.07833029107062295,0.10128041659084042,-0.0041221474916766365,1.1930723190307617
440,7XOR,0.8,0.29021661910756164,0.4083147372887921,0.11804279343331148,0.12167463910168563,3.7929640191926295e-05,1.4693706035614014
441,8FKM,0.8,0.25585392061191375,0.24344289104914063,0.11487662311018199,0.06319725557878497,0.000647889746574884,1.8511905670166016
442,7WC9,0.8,0.10679602521357727,0.05248230658121922,0.04462326723200072,0.01965530942758731,3.6954003817864928e-06,1.7597874402999878
443,8DWI,0.8,0.33510039434481875,0.4542568668360496,0.13411404061812293,0.1619575570270488,0.00040683798406897925,1.7699120044708252
444,8FEN,0.8,0.2464904984907818,0.3319724356056717,0.19372480189342434,0.10586501303732232,0.00026240116681317677,1.327207326889038
445,5SG4,0.8,0.2590367606191431,0.3804279951090499,0.22942897834108436,0.1768922365924117,0.00015545682398916336,1.5124683380126953
446,7RL2,0.8,0.2396904265682275,0.3512864009899088,0.17544957205967449,0.13132543314674172,-0.0002518514871681053,1.4763070344924927
447,7W09,0.8,0.2501167207946322,0.3760967145115144,0.258088019166707,0.1445203077622197,-0.004171265648056588,1.5064939260482788
448,7QS3,0.8,0.21154470512587079,0.2821579019373317,0.12024480471139465,0.11079406773173917,0.00018406029427976006,1.3837025165557861
449,7S15,0.8,0.40395820128321436,0.7331780166256796,0.41591960237667364,0.20289557505177291,-3.834732848940342e-05,2.1668941974639893
450,8ETQ,0.8,0.34495737170199203,0.4946016261247208,0.2712478178190789,0.27970222909213605,0.00011583094586947729,1.664676308631897
451,7R20,0.8,0.20123067293859073,0.3369631856190178,0.1251432990591601,0.24745173336928916,0.011977643248284209,1.5200871229171753
452,8A7Z,0.8,0.002252041136621696,4.633430438678171e-05,2.0703487155366778e-05,1.694327967714966e-05,2.800719068623181e-09,1.4882899522781372
453,7Z2T,0.8,0.18810810668009348,0.26318006424625917,0.09707450939692819,0.04561387138929208,-4.673289093277089e-09,1.2700669765472412
454,8HRN,0.8,0.3459241344465984,0.511287214471809,0.2846251038444194,0.1478886235366652,-0.004002916564947487,1.7367771863937378
455,8E3S,0.8,0.3418282122962782,0.5230937712360935,0.261759917846935,0.3212214422577835,0.00017619634434954542,1.6986947059631348
456,8AGG,0.8,0.29135354508245503,0.38640492477836963,0.18322001182167424,0.14176598998016288,-0.0009933170871684396,1.6617487668991089
457,7UNP,0.8,0.21335568752127299,0.28728223049466806,0.13803901817351627,0.10715594468706824,3.375307574647346e-18,1.3233200311660767
458,7ZOS,0.8,0.30377274114260205,0.4402079220382347,0.30074900850285635,0.18276232597609465,-0.0006677207028263354,1.7240324020385742
459,8ASZ,0.8,0.1731118089108885,0.23113632315547905,0.10890570993835669,0.12760651802805234,0.00043074247329217413,1.3103413581848145
460,7ZK2,0.8,0.14159628424846485,0.28774548320401694,0.12407299683517393,0.11760100990815758,-6.234060033756044e-08,1.3619440793991089
461,7QGI,0.8,0.24851287159232616,0.3427951706714616,0.16767295958044448,0.11173893298008586,-5.9292785515282005e-05,1.4708703756332397
462,8OXI,0.8,0.20106358427384127,0.2814790287990574,0.17041279782146024,0.10289997734291322,0.012883275836212127,1.4625798463821411
463,7QYW,0.8,0.3093269889386242,0.4744981943172486,0.17629042525276084,0.22427335718997665,-0.00037207400864489384,1.5796610116958618
464,7QZS,0.8,0.2819283281927585,0.3941966139685306,0.18199074566997853,0.13133769814793173,9.259518166639114e-06,1.5176695585250854
465,7QMS,0.8,0.13986008061354652,0.2282883812484886,0.07256329023268282,0.10353906104439958,3.4322795056592556e-18,1.1824043989181519
466,8F3F,0.8,0.25207537702927096,0.34112052601591936,0.10242366538232173,0.11007188630442444,-0.0008877633237022522,1.3254486322402954
467,7TX5,0.8,0.20645001818768616,0.2426024744439914,0.14473470642729813,0.05522612065943089,-0.00010062595508154771,1.2363389730453491
468,7XQ7,0.8,0.20063565079824802,0.2703300211583024,0.06665340995542235,0.08623408889596695,0.0003123372861444304,1.3454145193099976
469,7YBX,0.8,0.19829704650695384,0.2535123282544962,0.12084909327185846,0.1369362750658858,-0.0031946428027347304,1.3682256937026978
470,7W8E,0.8,0.29058787699633953,0.620975229520452,0.2798264844099354,0.2902123829555534,0.0017867019804538031,1.7730162143707275
471,8WIM,0.8,0.16713216431386024,0.23464663779741748,0.09811771471566022,0.10324662944760377,-0.00010808564850239843,1.390821099281311
472,8FAF,0.8,0.3318205570479606,0.4803019643757471,0.23026467808036433,0.33038727523827016,0.0018540771086378999,1.4430402517318726
473,8S9E,0.8,0.43475959070651055,0.6464101352252625,0.27748107983992387,0.21574587691745295,-0.0029466997215788285,1.6514878273010254
474,7T32,0.8,0.41224023844949026,0.6492960427488157,0.2380918455428278,0.21555077279021573,-0.000860696712017741,1.987691044807434
475,7FPN,0.8,0.2726694990525,0.34123058535822937,0.14536263268875405,0.16135156670679351,0.00024496889820142115,1.4148528575897217
476,8B0K,0.8,0.24895694352611397,0.3608008431694172,0.10979116660052324,0.09273856063084207,-5.051170527973071e-09,1.5233583450317383
477,8F3G,0.8,0.23110291344775513,0.33055521003768673,0.11195688777074408,0.1243015939763572,-0.0036797524233036644,1.3997007608413696
478,7VE4,0.8,0.2522270476143505,0.455571197440773,0.25761897687176627,0.056380104032210276,0.007117664181823885,1.5511959791183472
479,7UI4,0.8,0.279566726183405,0.3559445021630441,0.13795918184013556,0.08553426127905739,-0.0002667589929159289,1.4843227863311768
480,8F3X,0.9,0.2937343283496139,0.4297991075660068,0.16157714703677395,0.16648137100232097,-4.408682951725052e-08,1.5639708042144775
481,8F03,0.9,0.21078361514359606,0.33927825627341535,0.12441710581509224,0.1834744419068628,0.0016904071199051324,1.5092027187347412
482,8CNS,0.9,0.33913155321892363,0.5351917128859212,0.24893232809746443,0.14858338205752664,-0.003923303931717997,1.6066573858261108
483,7G9V,0.9,0.26931452144461937,0.3640769643012542,0.16689915355215557,0.19084828294460343,0.0008994003613836954,1.5254778861999512
484,8C1I,0.9,0.2683122084857481,0.4173882901135908,0.22105859588269117,0.239285357679885,0.0019120535654800486,1.4779813289642334
485,8HDF,0.9,0.22379532247141365,0.30816999166611847,0.09773115078863692,0.08107797560798846,-1.8401310368515653e-09,1.5340826511383057
486,8FMC,0.9,0.23269840346073328,0.32192073964985757,0.176600561937015,0.0376382272498631,0.0009045961615832543,1.520889401435852
487,7SPT,0.9,0.34551248390314465,0.5113661343701987,0.14334625774119703,0.11452995900562513,0.00023731195261674637,1.7270617485046387
488,7ZEE,0.9,0.2238833108644129,0.3293371756453216,0.18228686356033652,0.14752531101196498,0.0004951269685714785,1.5462100505828857
489,7Z0A,0.9,0.3691056419571447,0.566196017744427,0.25977803869701166,0.247169963350917,-2.758613329158511e-08,1.9192125797271729
490,7TVB,0.9,0.3596550000575654,0.5696690957357862,0.34036680644336936,0.19530534112601639,0.0020155453228626052,1.7897303104400635
491,8GM1,0.9,0.25777382084475026,0.3687749750279057,0.19303016348144153,0.09128210371057033,-0.004146884930841463,1.5074666738510132
492,8CMV,0.9,0.19274562885041652,0.2897166415227259,0.19782456469469678,0.11317243625452533,2.709726676426207e-20,1.3856865167617798
493,7FY9,0.9,0.364333715433803,0.524975803083382,0.14317675262400575,0.3114608909394725,0.004926353515083193,1.752528190612793
494,8TV8,0.9,0.28817836537851227,0.42295166603861656,0.23541014553081552,0.20096360468180174,-7.667538753621493e-05,1.6161649227142334
495,7TA5,0.9,0.2868690916009276,0.43286213082567215,0.1972892199185181,0.2065570369261116,0.00028426614774113707,1.6016156673431396
496,8ABX,0.9,0.31419806036043557,0.4241719804809936,0.19816924967054939,0.23971965735180722,-0.00016987732815835005,1.6724793910980225
497,7VEV,0.9,0.26900539802388473,0.37903463755342415,0.2130203545321092,0.13573272218117527,-0.0009986698100039465,1.529121994972229
498,8OTB,0.9,0.2559362908392052,0.34799830224208606,0.13334702757568961,0.21128898429889675,-2.6110979994429552e-05,1.5267060995101929
499,8AHB,0.9,0.17175226659045545,0.2280765014116619,0.10286187520552603,0.09332186873153014,-5.218222347156114e-08,1.3791389465332031
500,7XOR,0.9,0.33282381692141266,0.4988245213472911,0.17960385741826146,0.1057032883563469,-0.000375145928912796,1.6641979217529297
501,8FKM,0.9,0.3088478347017203,0.33165609630490867,0.1645344827351547,0.08113363476753,0.00021811038882520173,2.0712742805480957
502,7WC9,0.9,0.14381510404571166,0.07278360863561562,0.04670592428254605,0.016190105734536775,0.00031030985402678846,1.9374786615371704
503,8DWI,0.9,0.38477015754609517,0.6051311605368324,0.21755458774157566,0.13369531528346368,0.0013897098440857764,1.987917184829712
504,8FEN,0.9,0.20374932893017283,0.3255497397559415,0.17496817071991844,0.12892448646162435,-0.00045113372309777897,1.5137604475021362
505,5SG4,0.9,0.3293935540589604,0.4853113496051251,0.26757663722009917,0.24506081317796988,6.4337284920142415e-06,1.7045092582702637
506,7RL2,0.9,0.3258859759126395,0.47667209923848164,0.2327770996672256,0.19269864008333637,-0.00012575276176417412,1.647966980934143
507,7W09,0.9,0.3074272525386187,0.4198707371886776,0.2517469291312553,0.19026269849569877,0.0017509140070369744,1.6642929315567017
508,7QS3,0.9,0.277986036557085,0.4038583789174827,0.1467008799581475,0.17052346270718385,-0.0034151004554433123,1.6001036167144775
509,7S15,0.9,0.49430255778127397,0.9451335837074168,0.45283522365504497,0.23645856067217896,-0.0005864039315737896,2.3124983310699463
510,8ETQ,0.9,0.32717803980600346,0.5212204286992463,0.3958789669906002,0.2802912344712618,-4.910166798289692e-08,1.8518006801605225
511,7R20,0.9,0.25165711730806606,0.3308394882175216,0.1141567463125489,0.15911923936508998,0.00039535767323572307,1.697232961654663
512,8A7Z,0.9,0.003439876336969544,6.443868124459198e-05,5.5604104600689985e-05,3.871240120311911e-05,-5.331231906368532e-10,1.698293924331665
513,7Z2T,0.9,0.26757276844274785,0.40141478017930865,0.18077172155518184,0.21167833235960964,-0.00015212903902049775,1.511525273323059
514,8HRN,0.9,0.40391701859759266,0.6451043556098828,0.349342714997098,0.17567499413383092,0.00020842266265244658,1.9489911794662476
515,8E3S,0.9,0.3987594132792241,0.6603907265991276,0.293200701546634,0.48368455965522905,0.0006512579250592815,1.9158869981765747
516,8AGG,0.9,0.3285161950179639,0.4586141077262118,0.1838271455090319,0.2039957890318922,3.3822839235388473e-18,1.8882083892822266
517,7UNP,0.9,0.264742316603644,0.3656685599614935,0.13662354365009,0.16169977140711334,-0.004118408639880167,1.530720591545105
518,7ZOS,0.9,0.2814708957964565,0.3895384911386106,0.209162509789673,0.06536190507526185,-0.003734697341269723,1.8381389379501343
519,8ASZ,0.9,0.25567911096925117,0.3595802547832485,0.17265739249030965,0.08964285309864517,0.0008801680146960228,1.5152770280838013
520,7ZK2,0.9,0.24584221046838445,0.3367149645666401,0.1286689775739016,0.2566426092469305,-7.076227642930274e-08,1.5654131174087524
521,7QGI,0.9,0.2683838083058248,0.3551968220875472,0.2001263407202225,0.14146302391521548,2.230915071659706e-06,1.6379916667938232
522,8OXI,0.9,0.3695891308089609,0.6146689674696404,0.13963202764671312,0.2744278649768992,-2.2636703943646214e-08,1.7943639755249023
523,7QYW,0.9,0.34740016666102713,0.520084641715147,0.3027534281954847,0.283103003827047,-0.00402310610826484,1.8102383613586426
524,7QZS,0.9,0.2568418034697268,0.37112763169423246,0.13338496080335727,0.20033558383369954,-2.4772927929150786e-08,1.6348665952682495
525,7QMS,0.9,0.2177830498662171,0.3198689065595275,0.1177348048094039,0.07509724617507829,0.00014223168581219137,1.374057412147522
526,8F3F,0.9,0.3019958269982325,0.43777639764380805,0.19692198068264455,0.22451848117940634,0.004631574487203083,1.5964324474334717
527,7TX5,0.9,0.31433765663208074,0.4246432942048975,0.1887172317587138,0.0945845613995433,-0.003722571531285135,1.456984281539917
528,7XQ7,0.9,0.30789690013092424,0.47148295007883245,0.11046951476080379,0.25950251916094746,-0.004166245187731579,1.570322036743164
529,7YBX,0.9,0.2572346292834926,0.33350092572505563,0.17533238504496218,0.1791458047007235,6.083053893769265e-06,1.5362582206726074
530,7W8E,0.9,0.29058787699633953,0.620975229520452,0.2798264844099354,0.2902123829555534,0.0017867019804538031,1.909326434135437
531,8WIM,0.9,0.26754709805839905,0.36116706158362133,0.1219569407947516,0.11222817183085321,0.0005663739479322347,1.5637550354003906
532,8FAF,0.9,0.2667171872952563,0.44724898758025633,0.23145882191307932,0.41170992138546403,0.005228302142387564,1.573045253753662
533,8S9E,0.9,0.43475959070651055,0.6464101352252625,0.27748107983992387,0.21574587691745295,-0.0029466997215788285,1.8198225498199463
534,7T32,0.9,0.40194154837529916,0.6316937012718578,0.3445408922161585,0.10627796968911953,-0.0006397149027061212,2.072117567062378
535,7FPN,0.9,0.2693991633062297,0.37885543655047504,0.1784814617529853,0.13850202017935098,0.00022473880195986867,1.6135183572769165
536,8B0K,0.9,0.2822415985942783,0.4251292307924932,0.14996980535903992,0.14361612635364263,-6.8318478602842e-08,1.741767406463623
537,8F3G,0.9,0.2737040258902752,0.38372341973750235,0.09936202369735292,0.10757401079932982,-0.00019941774848047412,1.5651674270629883
538,7VE4,0.9,0.316081565734895,0.4655551683448933,0.3597650664129848,0.24273260531377372,0.0025545532855799635,1.763837218284607
539,7UI4,0.9,0.34246372552659565,0.5124278216678744,0.20631460350960618,0.19193801767788599,2.669537132116845e-05,1.7284303903579712
540,8F3X,1.0,0.32167016823453237,0.506842223580724,0.17899873707339586,0.20105899727966636,0.00038989947798564323,1.7534780502319336
541,8F03,1.0,0.3188094537475459,0.482469790842591,0.14068470961325086,0.24941926744956655,-1.8192872363257902e-07,1.7043395042419434
542,8CNS,1.0,0.3896735342225506,0.6023978650818478,0.2711583361776342,0.14048061107278853,0.00047386925418699955,1.7922909259796143
543,7G9V,1.0,0.3216205639971195,0.5245898794159856,0.22655373451290495,0.22311329093871346,0.0001417950425200848,1.7301316261291504
544,8C1I,1.0,0.29661411895149464,0.4195200222544795,0.13278596102896922,0.1302421998896024,-0.0029848702369131216,1.7108041048049927
545,8HDF,1.0,0.32440845857628847,0.48085067748261867,0.13879174919571313,0.18351289421560124,0.0005930696475956385,1.749313235282898
546,8FMC,1.0,0.35379065053126646,0.5316388255845821,0.2531414303936572,0.10566801173508378,-0.00024637266626927404,1.7804253101348877
547,7SPT,1.0,0.3666509094703334,0.5577138346924495,0.17331428859075546,0.17577134495145286,0.000694150615204933,1.9111738204956055
548,7ZEE,1.0,0.331317574577527,0.4676220890103769,0.26392852996714744,0.1788287461033573,-3.52870218701647e-05,1.744398832321167
549,7Z0A,1.0,0.4392291366326736,0.7473973078620504,0.3996524108576134,0.24521610246487713,-1.5600343696696597e-08,2.0716593265533447
550,7TVB,1.0,0.41334983448639956,0.6813570430222353,0.3387310995814905,0.28162237986676786,-7.652056622651365e-06,1.9672409296035767
551,8GM1,1.0,0.28270132188633496,0.4152090357190694,0.19755939433404926,0.10883296642290742,2.542822743786116e-05,1.699507474899292
552,8CMV,1.0,0.23657333834088778,0.3284491540969121,0.15448180311779502,0.11093715213684985,-0.0009012429089574683,1.5619343519210815
553,7FY9,1.0,0.4029056155368721,0.6634553410817126,0.22219037961385468,0.291375672726949,0.0002226627425397365,1.9639613628387451
554,8TV8,1.0,0.3431534006708555,0.5082661477713364,0.2862423330860624,0.25738799106093535,5.157972991882802e-06,1.8037091493606567
555,7TA5,1.0,0.3638203925281467,0.580112264359768,0.3059985300762318,0.2099818461248133,-0.0001751493425863268,1.7889012098312378
556,8ABX,1.0,0.33924424276872284,0.488656148113928,0.1697169547919621,0.15229557704196917,-0.0008120920480686154,1.825933575630188
557,7VEV,1.0,0.32905179229282555,0.4646205599159278,0.17665797443136677,0.15394204874449668,1.4364607770067997e-05,1.7587645053863525
558,8OTB,1.0,0.3054321327652152,0.453522234764697,0.17344902577907817,0.21816181713168747,4.3632703510833835e-07,1.7019603252410889
559,8AHB,1.0,0.26832453419442537,0.38941705307784336,0.16565052071483333,0.18418558867276835,-0.00017502858550355428,1.6454746723175049
560,7XOR,1.0,0.4099914416888039,0.6455315666044825,0.27021330486491557,0.1301715329053874,-0.0004369431898008404,1.9244612455368042
561,8FKM,1.0,0.31557239369706763,0.33218516722462677,0.16871901878569195,0.18850727930649702,-0.00037380264388276775,2.201416254043579
562,7WC9,1.0,0.14875305315107956,0.07937100080204207,0.04670531972325631,0.02482379209638319,-9.823430376236768e-05,2.1483981609344482
563,8DWI,1.0,0.4105600699549656,0.6469692555023627,0.25930900013233793,0.18101838479941623,-8.107320003069086e-05,2.09666109085083
564,8FEN,1.0,0.3187402315848129,0.46222623531500995,0.22176227449340757,0.18005495387778292,-0.00041207792919317233,1.7447707653045654
565,5SG4,1.0,0.38912345377500046,0.6356925576379577,0.4023855923617079,0.346396684662055,5.6996579118610835e-05,1.9089010953903198
566,7RL2,1.0,0.33520465367063657,0.5199542661025562,0.23064945146850224,0.21228781071623581,0.0008470246245788626,1.8521121740341187
567,7W09,1.0,0.2973781398178928,0.44520737132108223,0.17341251978197536,0.23069454761172326,0.0006199511013425668,1.864611268043518
568,7QS3,1.0,0.3290244460634619,0.4867754647104232,0.12718342675086558,0.1484297209367862,-0.000703120027125758,1.796295404434204
569,7S15,1.0,0.49526360730566094,0.9621166082018968,0.4106529377202288,0.2788933148542523,2.938325397928987e-05,2.427964687347412
570,8ETQ,1.0,0.40158541680039855,0.631699426585937,0.40900624689735254,0.3074225177625498,-0.0041562538180491965,2.0316295623779297
571,7R20,1.0,0.2958673372441434,0.4674944827739411,0.17533266238977974,0.297109254410455,-2.210025159047718e-08,1.804942011833191
572,8A7Z,1.0,0.004888177808973427,9.020603696720947e-05,7.123764935116142e-05,4.8278681295883114e-05,1.5124908236524006e-09,1.9220980405807495
573,7Z2T,1.0,0.3195786299795143,0.4495466431652884,0.21173189990246843,0.16949084341220222,3.6099040016444525e-05,1.7194592952728271
574,8HRN,1.0,0.4340923829093551,0.7418403344324478,0.35106306352926353,0.2076468214956313,-0.003981085111305432,2.082580804824829
575,8E3S,1.0,0.44778975023427847,0.7632193172017798,0.3869068762040313,0.4781520876852765,0.0032670114029135777,2.0800745487213135
576,8AGG,1.0,0.39533570261270157,0.6117917304182932,0.29966607332405926,0.30168369401002026,0.0014468722204347834,2.097292900085449
577,7UNP,1.0,0.33021803985966597,0.47066566543562693,0.15648483850143813,0.12999117640664837,4.64498122863255e-05,1.7349694967269897
578,7ZOS,1.0,0.4331727352526595,0.6686462593351896,0.47871188927694375,0.17534507656256348,-0.0008337622933025299,2.0551297664642334
579,8ASZ,1.0,0.3297351285021481,0.49968617295136625,0.30399850731710343,0.2484143826482006,-0.0039630158404137805,1.7486484050750732
580,7ZK2,1.0,0.27073596221559143,0.37862568925804485,0.17872869970835592,0.2592200480958762,-0.0002813214045589117,1.7448456287384033
581,7QGI,1.0,0.3220852291010043,0.4436294626493642,0.25309729889842325,0.22003179277363505,-0.000412716078449343,1.852420449256897
582,8OXI,1.0,0.1848433470419383,0.3773112787080475,0.07516271379432282,0.22407291776373017,-0.026916055119091647,1.860164999961853
583,7QYW,1.0,0.46386674451965115,0.796714938558063,0.483912007408307,0.2289500307207064,-1.5550748534478156e-07,1.9640287160873413
584,7QZS,1.0,0.29867172707111894,0.4456036127228491,0.13308493542810007,0.051957465012590465,-5.737337544254066e-07,1.7835769653320312
585,7QMS,1.0,0.2627317626220014,0.3562114362342075,0.09681287507209413,0.17772343319848294,0.0013733160724620636,1.5560930967330933
586,8F3F,1.0,0.33640382175847217,0.4933055697612114,0.20797770543897243,0.1903078304633583,0.00010467922328748909,1.768754243850708
587,7TX5,1.0,0.38104527664353044,0.5900305264129884,0.22585284488542112,0.18346041992942608,-2.5940685093281055e-05,1.7308286428451538
588,7XQ7,1.0,0.36653208515377195,0.5815927254248603,0.20115629109438848,0.27648687227083335,-0.0008364325136489269,1.7498801946640015
589,7YBX,1.0,0.28641525055129124,0.43215078688136943,0.2304524341634242,0.2439822175900488,-1.0183832350339318e-08,1.749342441558838
590,7W8E,1.0,0.29058787699633953,0.620975229520452,0.2798264844099354,0.2902123829555534,0.0017867019804538031,2.0369985103607178
591,8WIM,1.0,0.34796115690257573,0.5038197125062669,0.20937297965032742,0.30031330796289146,-0.000954866688628299,1.8731091022491455
592,8FAF,1.0,0.28517163814802554,0.4764787079430324,0.26713749704396683,0.3837024195592029,0.009823898670664022,1.7730892896652222
593,8S9E,1.0,0.39309978775183535,0.682716499882059,0.30838277637060685,0.15505681650083236,0.008214077912716361,1.9489699602127075
594,7T32,1.0,0.4485957577894795,0.7909122496963913,0.32710173368622875,0.29320848026115276,0.0016493215075546325,2.257323980331421
595,7FPN,1.0,0.38401719715436866,0.6163528583579647,0.19794806457009817,0.21276223358700097,-0.0023659669261930083,1.852977991104126
596,8B0K,1.0,0.3600921054547033,0.5837149062020504,0.17630872413736887,0.19966627602294573,-0.003859756643040419,1.920551061630249
597,8F3G,1.0,0.3759422155352302,0.5527789414980635,0.21179488379055367,0.19610415261858605,-0.0002647096233774557,1.7877135276794434
598,7VE4,1.0,0.3367445273552625,0.4944317677335004,0.4686900005930905,0.09092191204752187,0.008776012592045357,1.9102579355239868
599,7UI4,1.0,0.39603819060309886,0.6592856470731578,0.30394766997601286,0.2080993425046287,0.0018517516011244683,1.899415135383606
